{"e2e_latency": 6877.074241638184, "KV_IO": 197237145600, "QO_IO": 0, "Mask_IO": 96307200, "QK_IO": 0, "QK_scale_IO": 0, "QK_scale_masked_IO": 0, "SoftMax_IO": 0, "iter_time": [1912.261724472046, 33.43987464904785, 33.08844566345215, 32.99522399902344, 33.019065856933594, 32.58848190307617, 32.60087966918945, 32.537221908569336, 32.59873390197754, 32.55796432495117, 32.634735107421875, 32.668113708496094, 32.855987548828125, 32.965660095214844, 33.27369689941406, 32.96470642089844, 32.95445442199707, 33.0195426940918, 33.00213813781738, 33.035993576049805, 33.275604248046875, 33.348798751831055, 33.36906433105469, 33.32972526550293, 33.42032432556152, 33.35165977478027, 33.400535583496094, 33.40578079223633, 33.75577926635742, 33.64896774291992, 33.77723693847656, 33.76913070678711, 33.734798431396484, 34.63625907897949, 33.858537673950195, 33.84757041931152, 34.239768981933594, 34.13558006286621, 34.136295318603516, 34.230947494506836, 34.21831130981445, 34.19899940490723, 34.320831298828125, 34.15417671203613, 34.532785415649414, 34.52301025390625, 34.517526626586914, 34.554243087768555, 34.58881378173828, 34.551382064819336, 34.60693359375, 34.64484214782715, 34.94071960449219, 35.10785102844238, 34.92426872253418, 34.94453430175781, 35.00771522521973, 34.9576473236084, 34.9576473236084, 35.012245178222656, 35.30716896057129, 35.26806831359863, 35.32004356384277, 35.3848934173584, 35.34412384033203, 35.35008430480957, 35.387277603149414, 35.375118255615234, 154.25562858581543, 35.910844802856445, 35.71963310241699, 35.75420379638672, 35.78448295593262, 35.75873374938965, 35.785675048828125, 35.798072814941406, 36.07010841369629, 36.09466552734375, 36.16833686828613, 36.14449501037598, 36.15522384643555, 36.1943244934082, 36.13543510437012, 36.47661209106445, 36.43202781677246, 36.4530086517334, 36.45586967468262, 36.542415618896484, 36.51022911071777, 36.5452766418457, 36.533355712890625, 36.55362129211426, 36.833763122558594, 36.83733940124512, 36.85784339904785, 36.824703216552734, 36.9114875793457, 36.991119384765625, 37.46199607849121], "prepare_per_iter": [1.7734910361468792, 1.4755359152331948, 1.2388949980959296, 1.1684650089591742, 1.201334991492331, 1.186060020700097, 1.1881330283358693, 1.162988948635757, 1.1940760305151343, 1.1560659622773528, 1.2045949697494507, 1.1949840700253844, 1.1609100038185716, 1.2037890264764428, 1.1636700946837664, 1.171332085505128, 1.1723479256033897, 1.1948589235544205, 1.1846149573102593, 1.18022202514112, 1.1696519795805216, 1.2101379688829184, 1.2239490170031786, 1.1714859865605831, 1.2004859745502472, 1.196220051497221, 1.2053700629621744, 1.2010219506919384, 1.242925995029509, 1.1692210100591183, 1.2783750426024199, 1.2020239373669028, 1.2065779883414507, 1.242346945218742, 1.227386062964797, 1.2097370345145464, 1.248737913556397, 1.2016450054943562, 1.2136220466345549, 1.2086880160495639, 1.1995909735560417, 1.2050019577145576, 1.2590120313689113, 1.1966830352321267, 1.2203450314700603, 1.2398760300129652, 1.2000990100204945, 1.2245189864188433, 1.2311190366744995, 1.2094400590285659, 1.2365240836516023, 1.2481490848585963, 1.2251550797373056, 1.2932949466630816, 1.228280016221106, 1.2276590568944812, 1.2390739284455776, 1.2320339446887374, 1.228273962624371, 1.2522089527919888, 1.247428939677775, 1.2388130417093635, 1.2598700122907758, 1.2823260622099042, 1.2524559861049056, 1.2691080337390304, 1.281393924728036, 1.257502008229494, 1.2669949792325497, 1.4021489769220352, 1.2853110674768686, 1.2993670534342527, 1.3209969038143754, 1.2892880477011204, 1.3067510444670916, 1.3106869300827384, 1.3039709301665425, 1.3025799999013543, 1.3264860026538372, 1.326833968050778, 1.2994949938729405, 1.3116219779476523, 1.2888740748167038, 1.2878529960289598, 1.2849359773099422, 1.2771289329975843, 1.2873540399596095, 1.305142999626696, 1.2962380424141884, 1.3112849555909634, 1.3119210489094257, 1.2906260089948773, 1.3132019666954875, 1.3165500713512301, 1.300795003771782, 1.2806369923055172, 1.328120008111, 1.3288299087435007, 1.3153989566490054], "forward_per_iter": [1906.4679145812988, 31.506061553955078, 31.39662742614746, 31.383275985717773, 31.37493133544922, 30.951976776123047, 30.97057342529297, 30.939579010009766, 30.976533889770508, 30.967235565185547, 31.001567840576172, 31.03804588317871, 31.24856948852539, 31.330108642578125, 31.68201446533203, 31.352519989013672, 31.343460083007812, 31.395912170410156, 31.36730194091797, 31.424999237060547, 31.675100326538086, 31.70943260192871, 31.717300415039062, 31.722545623779297, 31.786203384399414, 31.724214553833008, 31.762361526489258, 31.771421432495117, 32.08184242248535, 32.05108642578125, 32.067298889160156, 32.13047981262207, 32.09948539733887, 32.93633460998535, 32.20319747924805, 32.20057487487793, 32.55772590637207, 32.50741958618164, 32.49073028564453, 32.58204460144043, 32.58848190307617, 32.56678581237793, 32.63211250305176, 32.52840042114258, 32.87029266357422, 32.8526496887207, 32.883405685424805, 32.90271759033203, 32.92655944824219, 32.9136848449707, 32.935142517089844, 32.962799072265625, 33.20908546447754, 33.382415771484375, 33.26845169067383, 33.28847885131836, 33.3404541015625, 33.296823501586914, 33.294677734375, 33.32972526550293, 33.6301326751709, 33.599853515625, 33.63299369812012, 33.659934997558594, 33.6604118347168, 33.65015983581543, 33.6761474609375, 33.68878364562988, 152.52971649169922, 34.058570861816406, 34.00754928588867, 34.01803970336914, 34.035682678222656, 34.041643142700195, 34.043073654174805, 34.05165672302246, 34.33847427368164, 34.36851501464844, 34.41143035888672, 34.38758850097656, 34.42955017089844, 34.430742263793945, 34.39807891845703, 34.7592830657959, 34.718990325927734, 34.7442626953125, 34.743309020996094, 34.80362892150879, 34.77883338928223, 34.8050594329834, 34.790992736816406, 34.82484817504883, 35.09235382080078, 35.09211540222168, 35.12978553771973, 35.11476516723633, 35.1560115814209, 35.22753715515137, 35.497188568115234],