{"e2e_latency": 5288.706302642822, "KV_IO": 160903987200, "QO_IO": 0, "Mask_IO": 78566400, "QK_IO": 0, "QK_scale_IO": 0, "QK_scale_masked_IO": 0, "SoftMax_IO": 0, "iter_time": [1001.7659664154053, 26.141643524169922, 25.689363479614258, 25.54464340209961, 25.504589080810547, 25.57659149169922, 25.606155395507812, 25.47621726989746, 25.547266006469727, 25.59638023376465, 29.81424331665039, 25.410175323486328, 25.433063507080078, 25.49457550048828, 25.45928955078125, 25.452136993408203, 25.493144989013672, 25.5126953125, 25.39682388305664, 25.353670120239258, 25.99167823791504, 25.411605834960938, 25.36463737487793, 25.361299514770508, 25.383472442626953, 25.403261184692383, 25.371074676513672, 25.365591049194336, 25.495290756225586, 25.470972061157227, 25.86507797241211, 25.450944900512695, 25.443315505981445, 25.45309066772461, 25.41184425354004, 25.444984436035156, 25.487899780273438, 25.480985641479492, 25.48956871032715, 25.458097457885742, 25.904417037963867, 25.51889419555664, 25.447368621826172, 25.43354034423828, 25.452136993408203, 25.50053596496582, 25.47311782836914, 25.452136993408203, 25.460004806518555, 25.50649642944336, 25.950193405151367, 25.480270385742188, 25.456905364990234, 25.530576705932617, 25.47764778137207, 25.41184425354004, 25.513648986816406, 25.491714477539062, 25.460004806518555, 25.510311126708984, 25.93374252319336, 25.534391403198242, 25.46858787536621, 25.443077087402344, 25.450468063354492, 25.508403778076172, 25.63333511352539, 25.794267654418945, 25.591611862182617, 25.60281753540039, 25.539636611938477, 25.576114654541016, 25.579452514648438, 25.611162185668945, 25.570392608642578, 25.628328323364258, 25.647878646850586, 25.621652603149414, 26.441097259521484, 25.623083114624023, 25.592803955078125, 25.62260627746582, 25.615692138671875, 25.59065818786621, 25.64096450805664, 25.669336318969727, 25.593996047973633, 25.762319564819336, 25.639057159423828, 25.72011947631836, 25.61807632446289, 25.68221092224121, 25.981903076171875, 25.706052780151367, 25.736331939697266, 25.64525604248047, 26.4585018157959, 25.69866180419922, 26.137113571166992], "prepare_per_iter": [2.1550010424107313, 1.7405609833076596, 1.5046329936012626, 1.3799029402434826, 1.404079026542604, 1.4237170107662678, 1.404342008754611, 1.422804081812501, 1.3955419417470694, 1.3869480462744832, 1.3960590586066246, 1.3548280112445354, 1.396761042997241, 1.3638309901580215, 1.3405500212684274, 1.3507630210369825, 1.3298779958859086, 1.3876600423827767, 1.3236339436843991, 1.3331830268725753, 1.4191409572958946, 1.371355028823018, 1.3339349534362555, 1.340072019957006, 1.3350140070542693, 1.3545360416173935, 1.3264139415696263, 1.348969992250204, 1.3772789388895035, 1.3480589259415865, 1.3328299392014742, 1.3299619313329458, 1.3337749987840652, 1.3392010005190969, 1.3315689284354448, 1.344776013866067, 1.358079956844449, 1.3771809171885252, 1.3724860036745667, 1.3512540608644485, 1.3750860234722495, 1.375882071442902, 1.3522800290957093, 1.38579192571342, 1.3540140353143215, 1.3868579408153892, 1.3705471064895391, 1.350466045551002, 1.3734609819948673, 1.39381003100425, 1.3630239991471171, 1.3747980119660497, 1.371612073853612, 1.3874309370294213, 1.350907958112657, 1.3396500144153833, 1.3962400844320655, 1.3860820326954126, 1.3821970205754042, 1.3927120016887784, 1.3615339994430542, 1.3969969004392624, 1.3427049852907658, 1.346132019534707, 1.3698319671675563, 1.389096025377512, 1.3798479922115803, 1.6658069798722863, 1.3723120791837573, 1.3702289434149861, 1.3584931148216128, 1.347057055681944, 1.3629259774461389, 1.4068660093471408, 1.356431981548667, 1.40383408870548, 1.4107499737292528, 1.3973169261589646, 1.4397639315575361, 1.3524900423362851, 1.373276929371059, 1.3677789829671383, 1.365112024359405, 1.3582910178229213, 1.393380924127996, 1.3780170120298862, 1.371392048895359, 1.3806039933115244, 1.36514101177454, 1.4205799670889974, 1.3678399845957756, 1.397548010572791, 1.3618320226669312, 1.3917849864810705, 1.3584969565272331, 1.3747650664299726, 1.3839990133419633, 1.3929849956184626, 1.3614449417218566], "forward_per_iter": [994.5583343505859, 24.138450622558594, 23.990631103515625, 23.97441864013672, 23.906707763671875, 23.925065994262695, 24.00970458984375, 23.85568618774414, 23.9560604095459, 24.020910263061523, 28.232812881469727, 23.87094497680664, 23.847579956054688, 23.943662643432617, 23.93031120300293, 23.914337158203125, 23.96869659423828, 23.935794830322266, 23.889780044555664, 23.833513259887695, 24.38521385192871, 23.852825164794922, 23.84352684020996, 23.83708953857422, 23.855924606323242, 23.86188507080078, 23.859024047851562, 23.828983306884766, 23.930072784423828, 23.936748504638672, 24.34229850769043, 23.931503295898438, 23.910045623779297, 23.92578125, 23.89836311340332, 23.899078369140625, 23.941993713378906, 23.917436599731445, 23.9260196685791, 23.920059204101562, 24.337291717529297, 23.953914642333984, 23.90885353088379, 23.859739303588867, 23.914813995361328, 23.929119110107422, 23.913860321044922, 23.91839027404785, 23.89979362487793, 23.92125129699707, 24.402618408203125, 23.91672134399414, 23.902416229248047, 23.955106735229492, 23.938417434692383, 23.885726928710938, 23.93174171447754, 23.915767669677734, 23.893356323242188, 23.934125900268555, 24.387598037719727, 23.949623107910156, 23.939847946166992, 23.909568786621094, 23.894548416137695, 23.93341064453125, 24.069786071777344, 23.942947387695312, 24.03426170349121, 24.045944213867188, 23.996591567993164, 24.043560028076172, 24.03092384338379, 24.016380310058594, 24.029016494750977, 24.034500122070312, 24.05381202697754, 24.036169052124023, 24.815082550048828, 24.08623695373535, 24.034500122070312, 24.062156677246094, 24.062395095825195, 24.04952049255371, 24.054527282714844, 24.106264114379883, 24.038314819335938, 24.194955825805664, 24.091243743896484, 24.082183837890625, 24.065732955932617, 24.093151092529297, 24.424076080322266, 24.110078811645508, 24.19424057006836, 24.08432960510254, 24.887800216674805, 24.11174774169922, 24.06477928161621],