{"e2e_latency": 5440.348863601685, "KV_IO": 181665792000, "QO_IO": 0, "Mask_IO": 88704000, "QK_IO": 0, "QK_scale_IO": 0, "QK_scale_masked_IO": 0, "SoftMax_IO": 0, "iter_time": [985.1365089416504, 27.602195739746094, 27.178049087524414, 27.083396911621094, 26.9775390625, 28.25617790222168, 27.100563049316406, 27.05073356628418, 26.976346969604492, 27.063369750976562, 31.105995178222656, 26.84807777404785, 26.78966522216797, 27.099132537841797, 26.970386505126953, 27.250051498413086, 27.172327041625977, 27.127504348754883, 27.131319046020508, 26.966094970703125, 27.659177780151367, 27.1604061126709, 27.046680450439453, 27.054786682128906, 27.04477310180664, 27.105331420898438, 27.04906463623047, 27.231216430664062, 27.20332145690918, 27.288198471069336, 27.793407440185547, 27.240753173828125, 27.199268341064453, 27.24170684814453, 27.235984802246094, 27.32062339782715, 27.152299880981445, 27.312517166137695, 27.12726593017578, 27.227401733398438, 27.742624282836914, 27.170419692993164, 27.205467224121094, 27.091026306152344, 27.21118927001953, 27.196645736694336, 27.115821838378906, 27.137279510498047, 27.132749557495117, 27.225971221923828, 27.696609497070312, 27.1914005279541, 27.215957641601562, 27.142763137817383, 27.161121368408203, 27.159929275512695, 27.12869644165039, 27.151823043823242, 27.205467224121094, 27.21238136291504, 27.763843536376953, 27.172327041625977, 27.22311019897461, 27.202367782592773, 27.177810668945312, 27.233600616455078, 27.1759033203125, 27.23860740661621, 27.184724807739258, 27.293920516967773, 27.27794647216797, 27.342557907104492, 27.231454849243164, 27.44579315185547, 27.376413345336914, 27.341842651367188, 27.314186096191406, 27.425527572631836, 28.389692306518555, 27.285099029541016, 27.227163314819336, 27.33612060546875, 27.288198471069336, 27.276992797851562, 27.349472045898438, 27.298450469970703, 27.272462844848633, 27.36687660217285, 27.2672176361084, 27.305126190185547, 27.2214412689209, 27.329683303833008, 27.324914932250977, 27.372121810913086, 27.280092239379883, 27.309179306030273, 28.321266174316406, 27.2982120513916, 27.76813507080078], "prepare_per_iter": [3.042561002075672, 2.099276054650545, 1.8408939940854907, 1.7656809650361538, 1.7617290141060948, 2.9926139395684004, 1.709911972284317, 1.7470979364588857, 1.761525054462254, 1.780390040948987, 1.7802600050345063, 1.7325709341093898, 1.7283119959756732, 1.727249938994646, 1.7538010142743587, 1.7374960007146, 1.776216086000204, 1.7674900591373444, 1.7326389206573367, 1.7018920043483377, 1.807920983992517, 1.818277989514172, 1.7361929640173912, 1.7433479661121964, 1.7591370269656181, 1.758383004926145, 1.7361210193485022, 1.7807269468903542, 1.7305909423157573, 1.7616419354453683, 1.773288007825613, 1.7451150342822075, 1.747826929204166, 1.7769299447536469, 1.7700609751045704, 1.7653410322964191, 1.7811980796977878, 1.7881409730762243, 1.746059046126902, 1.77029799669981, 1.8312380416318774, 1.7775080632418394, 1.742087071761489, 1.7436249181628227, 1.774001051671803, 1.8239420605823398, 1.7650409135967493, 1.7668029759079218, 1.7911959439516068, 1.846936997026205, 1.7883459804579616, 1.783871091902256, 1.8493050010874867, 1.784919062629342, 1.764794928021729, 1.7885490087792277, 1.7675419803708792, 1.7913409974426031, 1.8152769189327955, 1.8241519574075937, 1.8364079296588898, 1.8014780944213271, 1.8439210252836347, 1.8142140470445156, 1.8296819180250168, 1.8365620635449886, 1.7983530415222049, 1.8161210464313626, 1.7912350594997406, 1.8407140159979463, 1.8652959261089563, 1.9160080701112747, 1.8663560040295124, 1.949621015228331, 1.9144440302625299, 1.926366938278079, 1.9050330156460404, 1.9580540247261524, 1.9128529820591211, 1.8520110752433538, 1.8096310086548328, 1.8212170107290149, 1.8611479317769408, 1.8122770125046372, 1.914345077238977, 1.8481670413166285, 1.8292419845238328, 1.84682197868824, 1.8455369863659143, 1.874212990514934, 1.8437969265505672, 1.8335089553147554, 1.8462259322404861, 1.889664912596345, 1.850711996667087, 1.8603280186653137, 1.8608560785651207, 1.8935459665954113, 1.9158910727128386], "forward_per_iter": [976.6662120819092, 24.9631404876709, 24.897336959838867, 24.877309799194336, 24.769067764282227, 24.824142456054688, 24.947166442871094, 24.864673614501953, 24.776697158813477, 24.853944778442383, 28.889894485473633, 24.687528610229492, 24.632692337036133, 24.939775466918945, 24.788618087768555, 25.05636215209961, 24.959802627563477, 24.913311004638672, 24.961233139038086, 24.819374084472656, 25.409936904907227, 24.904966354370117, 24.875879287719727, 24.870634078979492, 24.846315383911133, 24.90234375, 24.868488311767578, 25.014877319335938, 25.02894401550293, 25.083303451538086, 25.58279037475586, 25.06279945373535, 25.017261505126953, 25.031089782714844, 25.031566619873047, 25.11739730834961, 24.93453025817871, 25.08401870727539, 24.942874908447266, 25.01511573791504, 25.47454833984375, 24.953126907348633, 25.026559829711914, 24.902820587158203, 25.00009536743164, 24.936914443969727, 24.906635284423828, 24.937152862548828, 24.897098541259766, 24.94072914123535, 25.473833084106445, 24.953365325927734, 24.9326229095459, 24.915218353271484, 24.965286254882812, 24.941444396972656, 24.92809295654297, 24.924516677856445, 24.956226348876953, 24.94645118713379, 25.495052337646484, 24.931907653808594, 24.945974349975586, 24.935007095336914, 24.91283416748047, 24.95884895324707, 24.940013885498047, 24.985074996948242, 24.96647834777832, 25.016307830810547, 24.974822998046875, 24.988889694213867, 24.935007095336914, 25.06256103515625, 25.031089782714844, 24.969816207885742, 24.984121322631836, 25.04134178161621, 26.05152130126953, 25.004148483276367, 24.97553825378418, 25.039196014404297, 24.996280670166016, 25.033950805664062, 25.0089168548584, 25.024890899658203, 25.014638900756836, 25.09593963623047, 24.997234344482422, 25.005102157592773, 24.949073791503906, 25.06113052368164, 25.055408477783203, 25.057554244995117, 25.003433227539062, 25.02608299255371, 26.036739349365234, 24.97267723083496, 25.0241756439209],