{"e2e_latency": 5022.131443023682, "KV_IO": 2532940185600, "QO_IO": 0, "Mask_IO": 0, "QK_IO": 0, "QK_scale_IO": 0, "QK_scale_masked_IO": 0, "SoftMax_IO": 0, "iter_time": [492.311954498291, 28.951168060302734, 28.606176376342773, 28.60879898071289, 28.69582176208496, 28.721094131469727, 28.535127639770508, 28.61499786376953, 28.57661247253418, 28.54323387145996, 28.553485870361328, 28.47146987915039, 28.480052947998047, 28.649091720581055, 28.64980697631836, 28.59973907470703, 28.562307357788086, 28.593063354492188, 28.492212295532227, 28.554201126098633, 28.520584106445312, 28.55706214904785, 28.473377227783203, 28.566598892211914, 28.476238250732422, 28.551816940307617, 28.512001037597656, 28.53536605834961, 28.54323387145996, 28.608083724975586, 28.6104679107666, 28.606176376342773, 28.592586517333984, 28.68485450744629, 28.544187545776367, 28.48982810974121, 28.50961685180664, 28.57351303100586, 28.53107452392578, 28.529644012451172, 28.514385223388672, 28.525590896606445, 29.12735939025879, 28.649568557739258, 28.554677963256836, 28.618574142456055, 28.593063354492188, 28.569698333740234, 28.478384017944336, 28.60546112060547, 28.612375259399414, 28.60093116760254, 28.546571731567383, 28.64384651184082, 28.626680374145508, 28.64813804626465, 28.625011444091797, 28.749942779541016, 28.64694595336914, 28.676509857177734, 28.703689575195312, 28.656721115112305, 28.682708740234375, 28.736114501953125, 28.688430786132812, 28.746604919433594, 28.63001823425293, 28.692960739135742, 28.630733489990234, 28.66959571838379, 28.783321380615234, 28.734683990478516, 28.789997100830078, 28.78403663635254, 28.77521514892578, 28.88941764831543, 28.75494956970215, 28.797626495361328, 28.670072555541992, 28.818130493164062, 28.726816177368164, 28.76114845275879, 28.70011329650879, 28.78427505493164, 28.734445571899414, 28.827428817749023, 28.687477111816406, 28.691768646240234, 28.757572174072266, 28.74016761779785, 28.63597869873047, 28.734922409057617, 28.645038604736328, 28.72776985168457, 28.649330139160156, 28.728961944580078, 28.756141662597656, 28.73849868774414, 29.043912887573242], "prepare_per_iter": [1.7909290036186576, 1.1175059480592608, 0.9130879770964384, 0.8408940630033612, 0.8548210607841611, 0.8686629589647055, 0.8243368938565254, 0.9246279951184988, 0.863877939991653, 0.8570769568905234, 0.8644420886412263, 0.826030969619751, 0.8409420261159539, 0.864146975800395, 0.8623959729447961, 0.8384010288864374, 0.8427979191765189, 0.8446499705314636, 0.8041559485718608, 0.8702579652890563, 0.8738270262256265, 0.8257810259237885, 0.8033870253711939, 0.8393869502469897, 0.8105509914457798, 0.870433053933084, 0.8707649540156126, 0.8087289752438664, 0.8003630209714174, 0.8624480105936527, 0.8409909205511212, 0.8005729177966714, 0.8241479517892003, 0.8501089178025723, 0.8371740113943815, 0.7985600968822837, 0.7954488974064589, 0.823945039883256, 0.8371110307052732, 0.8408840512856841, 0.8080990519374609, 0.8204180048778653, 0.797708984464407, 0.8479960961267352, 0.7980810478329659, 0.8363799424842, 0.8436449570581317, 0.8576760301366448, 0.8098529651761055, 0.8322549983859062, 0.8525039302185178, 0.8180589647963643, 0.8155889809131622, 0.8699849713593721, 0.8536969544366002, 0.8109010523185134, 0.8326959796249866, 0.8809299906715751, 0.8083010325208306, 0.8218060247600079, 0.838438980281353, 0.8252590196207166, 0.8084689034149051, 0.8732510032132268, 0.8085020817816257, 0.8380820509046316, 0.8329330012202263, 0.817636027932167, 0.809410004876554, 0.8325770031660795, 0.8026809664443135, 0.813121092505753, 0.8471260080114007, 0.8255949942395091, 0.8739250479266047, 0.8353310404345393, 0.8478480158373713, 0.8323210058733821, 0.7980120135471225, 0.8385090623050928, 0.8076750673353672, 0.8156700059771538, 0.8083150023594499, 0.809862045571208, 0.8380049839615822, 0.8721690392121673, 0.8053499041125178, 0.817329972051084, 0.8638330036774278, 0.8273569401353598, 0.7977440254762769, 0.8387529524043202, 0.8069940377026796, 0.8273689309135079, 0.7967889541760087, 0.8530929917469621, 0.8465159917250276, 0.8238450391218066, 0.8063670247793198], "forward_per_iter": [484.94601249694824, 27.221202850341797, 27.079343795776367, 27.171611785888672, 27.235746383666992, 27.23860740661621, 27.099132537841797, 27.091503143310547, 27.108430862426758, 27.076244354248047, 27.08911895751953, 27.04787254333496, 27.04906463623047, 27.176856994628906, 27.17876434326172, 27.162551879882812, 27.117013931274414, 27.14705467224121, 27.091264724731445, 27.08292007446289, 27.056217193603516, 27.1303653717041, 27.073144912719727, 27.098655700683594, 27.071237564086914, 27.083396911621094, 27.042627334594727, 27.109146118164062, 27.146100997924805, 27.148962020874023, 27.172565460205078, 27.176618576049805, 27.17137336730957, 27.240753173828125, 27.1148681640625, 27.095317840576172, 27.121543884277344, 27.155399322509766, 27.09794044494629, 27.074813842773438, 27.097463607788086, 27.110815048217773, 27.720212936401367, 27.207374572753906, 27.15587615966797, 27.168750762939453, 27.146577835083008, 27.11319923400879, 27.07815170288086, 27.176380157470703, 27.161359786987305, 27.158021926879883, 27.136564254760742, 27.174711227416992, 27.176856994628906, 27.24003791809082, 27.196645736694336, 27.25529670715332, 27.250289916992188, 27.260541915893555, 27.27031707763672, 27.228355407714844, 27.28104591369629, 27.245521545410156, 27.287721633911133, 27.31156349182129, 27.205467224121094, 27.284622192382812, 27.217864990234375, 27.230262756347656, 27.391433715820312, 27.322053909301758, 27.352094650268555, 27.356863021850586, 27.302026748657227, 27.448177337646484, 27.31919288635254, 27.361154556274414, 27.27341651916504, 27.37879753112793, 27.31156349182129, 27.347803115844727, 27.29511260986328, 27.37712860107422, 27.306318283081055, 27.354955673217773, 27.287721633911133, 27.277231216430664, 27.303695678710938, 27.318239212036133, 27.242660522460938, 27.294397354125977, 27.251243591308594, 27.288198471069336, 27.25672721862793, 27.27341651916504, 27.31466293334961, 27.318954467773438, 27.32110023498535],