{"e2e_latency": 5421.874523162842, "KV_IO": 176475340800, "QO_IO": 0, "Mask_IO": 86169600, "QK_IO": 0, "QK_scale_IO": 0, "QK_scale_masked_IO": 0, "SoftMax_IO": 0, "iter_time": [999.3531703948975, 27.092695236206055, 26.57461166381836, 26.430606842041016, 26.386260986328125, 26.503324508666992, 26.509761810302734, 26.451826095581055, 26.41582489013672, 26.515960693359375, 30.942201614379883, 26.56269073486328, 26.571273803710938, 26.532649993896484, 26.5350341796875, 26.494264602661133, 26.461362838745117, 26.769161224365234, 26.673316955566406, 26.75175666809082, 27.395963668823242, 27.11343765258789, 27.315855026245117, 27.420520782470703, 30.549287796020508, 27.54068374633789, 27.431726455688477, 27.409791946411133, 27.49943733215332, 27.56190299987793, 28.08237075805664, 27.389049530029297, 27.417659759521484, 31.293630599975586, 27.88710594177246, 27.515888214111328, 27.521371841430664, 27.579069137573242, 27.479887008666992, 27.14061737060547, 27.528047561645508, 27.01544761657715, 26.97467803955078, 28.64861488342285, 27.74786949157715, 27.730941772460938, 27.17423439025879, 26.926279067993164, 26.966094970703125, 27.021408081054688, 27.518033981323242, 27.034521102905273, 28.416872024536133, 27.139663696289062, 26.88455581665039, 26.951313018798828, 26.924848556518555, 27.005434036254883, 26.920080184936523, 26.996612548828125, 27.50420570373535, 26.90410614013672, 26.849031448364258, 28.277158737182617, 27.11629867553711, 26.894092559814453, 26.830434799194336, 26.789188385009766, 26.767492294311523, 26.753902435302734, 26.743650436401367, 26.758670806884766, 26.72100067138672, 26.826143264770508, 26.86905860900879, 26.9467830657959, 26.908397674560547, 26.941299438476562, 27.740478515625, 26.752710342407227, 26.808500289916992, 26.767253875732422, 26.798486709594727, 26.73935890197754, 26.775836944580078, 26.84187889099121, 27.185440063476562, 27.106046676635742, 26.866674423217773, 26.99565887451172, 26.90863609313965, 26.88908576965332, 26.929140090942383, 27.0078182220459, 26.864290237426758, 26.909351348876953, 27.992963790893555, 26.964902877807617, 29.001235961914062], "prepare_per_iter": [2.5738460244610906, 1.9291460048407316, 1.709397998638451, 1.6395620768889785, 1.6013110289350152, 1.665937015786767, 1.6599009977653623, 1.6796129057183862, 1.6351740341633558, 1.707382034510374, 1.7036920180544257, 1.6940399073064327, 1.6700299456715584, 1.656076987273991, 1.648966921493411, 1.632937928661704, 1.6320249997079372, 1.6763670137152076, 1.648640027269721, 1.6583949327468872, 1.6924890223890543, 1.736217993311584, 1.757560996338725, 1.7964260187000036, 1.806725049391389, 1.976408064365387, 1.8983340123668313, 1.862302073277533, 1.8694129539653659, 1.890089944936335, 1.8417489482089877, 1.8265449907630682, 1.8557959701865911, 1.8635750748217106, 2.265695948153734, 1.9192320760339499, 1.9653260242193937, 1.9856810104101896, 1.910082995891571, 1.891702995635569, 1.7441720701754093, 1.7922889674082398, 1.7404940444976091, 2.93344899546355, 1.9662950653582811, 1.9554010359570384, 1.9285640446469188, 1.73424300737679, 1.6998150385916233, 1.731842989102006, 1.7396500334143639, 1.7485349671915174, 1.7619470600038767, 1.844177022576332, 1.6832660185173154, 1.6990209696814418, 1.7259250162169337, 1.760610961355269, 1.7224149778485298, 1.7293019918724895, 1.7528249882161617, 1.7294399440288544, 1.7275330610573292, 1.7464400734752417, 1.9075960153713822, 1.7426949925720692, 1.6887170495465398, 1.6968760173767805, 1.6920919297263026, 1.696091960184276, 1.6916990280151367, 1.6943879891186953, 1.6800329321995378, 1.77905207965523, 1.8016169779002666, 1.7714760033413768, 1.8079570727422833, 1.8203499494120479, 1.7955659423023462, 1.710018957965076, 1.6998260980471969, 1.715034944936633, 1.7341449856758118, 1.678521977737546, 1.7221920425072312, 1.7559620318934321, 1.7119740368798375, 2.002767054364085, 1.7425420228391886, 1.8443159060552716, 1.7992730718106031, 1.7623140010982752, 1.8042570445686579, 1.8665719544515014, 1.800179947167635, 1.7788929399102926, 1.7857779748737812, 1.7851711018010974, 3.0493499943986535], "forward_per_iter": [991.5392398834229, 24.725675582885742, 24.48415756225586, 24.431228637695312, 24.4140625, 24.466991424560547, 24.48415756225586, 24.406909942626953, 24.414539337158203, 24.430274963378906, 28.867483139038086, 24.499177932739258, 24.520158767700195, 24.50394630432129, 24.52230453491211, 24.48868751525879, 24.4596004486084, 24.724245071411133, 24.654150009155273, 24.724245071411133, 25.310754776000977, 24.95718002319336, 25.127172470092773, 25.19369125366211, 28.32651138305664, 25.151968002319336, 25.124311447143555, 25.136232376098633, 25.188207626342773, 25.22444725036621, 25.805950164794922, 25.12812614440918, 25.139808654785156, 28.941869735717773, 25.20132064819336, 25.174617767333984, 25.144100189208984, 25.181055068969727, 25.145530700683594, 24.866819381713867, 25.41184425354004, 24.85179901123047, 24.849653244018555, 25.26688575744629, 25.368213653564453, 25.36296844482422, 24.873018264770508, 24.82295036315918, 24.895429611206055, 24.915695190429688, 25.402307510375977, 24.90854263305664, 26.22222900390625, 24.926424026489258, 24.82914924621582, 24.877071380615234, 24.82914924621582, 24.872541427612305, 24.829626083374023, 24.887561798095703, 25.387287139892578, 24.80792999267578, 24.75714683532715, 26.11541748046875, 24.84726905822754, 24.766921997070312, 24.774789810180664, 24.730682373046875, 24.72090721130371, 24.69491958618164, 24.69801902770996, 24.70684051513672, 24.688243865966797, 24.69015121459961, 24.709701538085938, 24.80602264404297, 24.739742279052734, 24.766921997070312, 25.586843490600586, 24.687767028808594, 24.747371673583984, 24.695873260498047, 24.706602096557617, 24.703502655029297, 24.697542190551758, 24.72972869873047, 25.043249130249023, 24.744749069213867, 24.76811408996582, 24.792194366455078, 24.753093719482422, 24.758577346801758, 24.76668357849121, 24.784088134765625, 24.7037410736084, 24.771451950073242, 25.855064392089844, 24.81365203857422, 25.135040283203125],